{
  "5": {
    "v4": [
      2.0366912079043686,
      2.102736958069727,
      2.6145543751772493,
      3.0495347920805216,
      2.826090499991551,
      3.0821260830853134,
      3.5237219999544322,
      3.841198790818453,
      4.2990330420434475,
      6.341421333840117,
      6.053771167062223
    ],
    "v5": [
      2.495325041934848,
      2.7346237918827683,
      2.9529320830479264,
      2.9181522079743445,
      3.020965541014448,
      3.006637749960646,
      3.1035919999703765,
      3.245142291067168,
      3.3236409169621766,
      3.381979916943237,
      3.487618332961574
    ],
    "vocab_sizes": [
      500,
      750,
      1000,
      1250,
      1500,
      1750,
      2000,
      2500,
      3000,
      4000,
      5000
    ]
  },
  "10": {
    "v4": [
      2.6124958330765367,
      2.7188835409469903,
      3.0631622499786317,
      3.4258309160359204,
      3.708238875027746,
      5.0411273329518735,
      4.279422709019855,
      6.338892208877951,
      5.4389514999929816,
      6.796497416915372,
      10.765230416087434
    ],
    "v5": [
      3.283597541972995,
      3.618662874912843,
      3.7271302500739694,
      3.8382106670178473,
      4.052718000020832,
      4.058531499933451,
      4.096948417136446,
      4.182100167032331,
      4.262700750026852,
      4.368614750215784,
      4.569842957891524
    ],
    "vocab_sizes": [
      500,
      750,
      1000,
      1250,
      1500,
      1750,
      2000,
      2500,
      3000,
      4000,
      5000
    ]
  },
  "21": {
    "v4": [
      3.7197842500172555,
      4.083400875097141,
      4.82279458316043,
      5.554066624958068,
      5.468303374946117,
      6.0090620829723775,
      7.054454458877444,
      7.663632790790871,
      8.272083417046815,
      10.46694004186429,
      14.30770037486218
    ],
    "v5": [
      4.88158766599372,
      5.064815207850188,
      5.1926377499476075,
      5.324916416080669,
      5.424555791076273,
      5.582934124860913,
      5.6414030839223415,
      5.721757541177794,
      5.894123041070998,
      6.024824708001688,
      6.097737916978076
    ],
    "vocab_sizes": [
      500,
      750,
      1000,
      1250,
      1500,
      1750,
      2000,
      2500,
      3000,
      4000,
      5000
    ]
  }
}